Model,vs_14B,vs_14B_8bit,vs_32B,vs_32_B,vs_4B,vs_4B_8bit,vs_8B,vs_8B_8bit,vs__32B_8bit
14B,-,15W25L(37.5%),22W18L(55.0%),0W0L(0.0%),24W16L(60.0%),0W0L(0.0%),19W0L(100.0%),0W0L(0.0%),0W0L(0.0%)
14B_8bit,25W15L(62.5%),-,0W0L(0.0%),0W0L(0.0%),0W0L(0.0%),0W0L(0.0%),0W0L(0.0%),0W0L(0.0%),0W0L(0.0%)
32B,18W22L(45.0%),0W0L(0.0%),-,0W0L(0.0%),0W0L(0.0%),0W0L(0.0%),0W0L(0.0%),0W0L(0.0%),0W0L(0.0%)
32_B,0W0L(0.0%),0W0L(0.0%),0W0L(0.0%),-,0W0L(0.0%),0W0L(0.0%),0W0L(0.0%),0W0L(0.0%),30W10L(75.0%)
4B,16W24L(40.0%),0W0L(0.0%),0W0L(0.0%),0W0L(0.0%),-,8W32L(20.0%),0W33L(0.0%),0W0L(0.0%),0W0L(0.0%)
4B_8bit,0W0L(0.0%),0W0L(0.0%),0W0L(0.0%),0W0L(0.0%),32W8L(80.0%),-,0W0L(0.0%),0W0L(0.0%),0W0L(0.0%)
8B,0W19L(0.0%),0W0L(0.0%),0W0L(0.0%),0W0L(0.0%),33W0L(100.0%),0W0L(0.0%),-,25W15L(62.5%),0W0L(0.0%)
8B_8bit,0W0L(0.0%),0W0L(0.0%),0W0L(0.0%),0W0L(0.0%),0W0L(0.0%),0W0L(0.0%),15W25L(37.5%),-,0W0L(0.0%)
_32B_8bit,0W0L(0.0%),0W0L(0.0%),0W0L(0.0%),10W30L(25.0%),0W0L(0.0%),0W0L(0.0%),0W0L(0.0%),0W0L(0.0%),-
